Eletro,phAngle_mean,Freq_mean,ReactPower_mean,Power_mean,Volts_mean,Cur_mean
ar_microwave_Intertronic_a1.mat,215.1782729805014,50.0,22.791295264623958,199.62798050139278,234.6958885793872,0.9750362116991643
ar_computer-monitor_AcerAX3950-AcerAL1916W_a1.mat,308.12534818941504,49.99972144846797,-24.852348189415043,39.1498217270195,227.9203871866295,0.21845125348189418
ar_hifi_Cat_RCD3839_a1.mat,49.61344537815126,50.0,4.173487394957983,4.069442577030813,224.11837254901957,0.025787114845938378
ar_printer_HP_4650_a1.mat,334.8463687150838,50.0,-22.817351955307263,74.71888547486033,238.09248324022346,0.42335195530726255
ar_mobile_SonyEricsson_K800i_a1.mat,4.100558659217877,50.0,-0.05432402234636874,2.3433016759776537,235.04092737430167,0.009488826815642457
ar_lamp_3EmmeLight_EB11G-C9_a1.mat,322.46796657381617,49.99860724233983,-3.8343760445682458,7.868671309192202,224.76243175487465,0.03842061281337047
ar_fridge_Bauknecht_a1.mat,23.988857938718663,50.001671309192204,81.6631504178273,67.58723676880223,225.2074707520891,0.4816545961002786
ar_coffeeMachine_Krups_DolceGusto_a1.mat,268.58217270194984,50.00362116991644,-8.937456824512534,19.87029805013928,233.01100557103064,0.1253565459610028
ar_tv_Panasonic_a1.mat,282.6173184357542,50.0,-50.86082402234638,18.301254189944135,236.80491061452514,0.24373743016759775
